,index,Datetime,Input,Experiment,CPUs,Chain_selection,Model_selection,Deduplicate,Downsample,Repeats,N_olga,Min_clustsize,Paired,tcrdist_Method,tcrdist_Radius,tcrdist_Hyper,tcrdist_Subset,tcrdist_Chunk,Save,Dataset,Chain,N_total,Model,Runtime,N_clusters,purity,purity_enriched,retention,consistency,ami,accuracy,precision,recall,f1-score,support,epscores,mean_clustsize,small_clusters
0,0,20250815_152027,data/vdjdb.csv,,1,['beta'],"['length', 'vcluster', 'clustcr', 'hamming', 'GIANA', 'gliph2', 'ismart', 'tcrdist3']",True,1000,1,0,1000,,DBSCAN,50,0.5,True,True,,VDJdb,beta,6000,length,0.0018329620361328125,16,0.32119365543904066,0.32119365543904066,0.9993333333333333,0.04961641094062708,0.02684593714667651,0.1168223779161647,0.25480226252878274,0.2539751501000667,0.2543880340017859,5996,"{'accuracy': {'AVFDRKSDAK': 0.13143855116350703, 'ELAGIGILTV': 0.12013234529045604, 'GILGFVFTL': 0.12859334254402346, 'KLGGALQAK': 0.13682833745091358, 'NLVPMVATV': 0.11746211950951511, 'RAKFKQLL': 0.1168223779161647}, 'precision': {'AVFDRKSDAK': 0.03575344936681679, 'ELAGIGILTV': 0.03992910849984157, 'GILGFVFTL': 0.06123893916699183, 'KLGGALQAK': 0.04883428032481424, 'NLVPMVATV': 0.03609645363967272, 'RAKFKQLL': 0.03295003153064556}, 'recall': {'AVFDRKSDAK': 0.016661107404936624, 'ELAGIGILTV': 0.0518679119412942, 'GILGFVFTL': 0.08438725817211475, 'KLGGALQAK': 0.008497164776517678, 'NLVPMVATV': 0.049199466310873914, 'RAKFKQLL': 0.04336224149432955}, 'f1-score': {'AVFDRKSDAK': 0.022730023744797576, 'ELAGIGILTV': 0.045122150449146754, 'GILGFVFTL': 0.07097330376124031, 'KLGGALQAK': 0.014475578835634885, 'NLVPMVATV': 0.04164152882850098, 'RAKFKQLL': 0.037445804399248314}, 'support': {'AVFDRKSDAK': 999, 'ELAGIGILTV': 1000, 'GILGFVFTL': 998, 'KLGGALQAK': 999, 'NLVPMVATV': 1000, 'RAKFKQLL': 1000}, 'consistency': {'ELAGIGILTV': 0.298, 'NLVPMVATV': 0.236, 'RAKFKQLL': 0.259, 'AVFDRKSDAK': 0.25325325325325326, 'KLGGALQAK': 0.23223223223223224, 'GILGFVFTL': 0.5080160320641283}, 'retention': {'ELAGIGILTV': 1.0, 'NLVPMVATV': 1.0, 'RAKFKQLL': 1.0, 'AVFDRKSDAK': 0.999, 'KLGGALQAK': 0.999, 'GILGFVFTL': 0.998}, 'purity': {'ELAGIGILTV': 0.35567784482377063, 'NLVPMVATV': 0.22369652135311355, 'RAKFKQLL': 0.3485540334855403, 'AVFDRKSDAK': 0.21634017412935325, 'KLGGALQAK': 0.3973022517715943, 'GILGFVFTL': 0.36792452830188677}}",374.75,4
0,0,20250815_152027,data/vdjdb.csv,,1,['beta'],"['length', 'vcluster', 'clustcr', 'hamming', 'GIANA', 'gliph2', 'ismart', 'tcrdist3']",True,1000,1,0,1000,,DBSCAN,50,0.5,True,True,,VDJdb,beta,6000,random,0.0008108615875244141,6,0.18283333333333332,0.18283333333333332,1.0,0.030833333333333334,0.0004414411321503685,0.12088888888888889,0.18283333333333332,0.18283333333333332,0.18283333333333332,6000,"{'accuracy': {'AVFDRKSDAK': 0.12161111111111111, 'ELAGIGILTV': 0.12144444444444444, 'GILGFVFTL': 0.12144444444444444, 'KLGGALQAK': 0.12111111111111111, 'NLVPMVATV': 0.12111111111111111, 'RAKFKQLL': 0.12088888888888889}, 'precision': {'AVFDRKSDAK': 0.0315, 'ELAGIGILTV': 0.031, 'GILGFVFTL': 0.031, 'KLGGALQAK': 0.03, 'NLVPMVATV': 0.03, 'RAKFKQLL': 0.02933333333333333}, 'recall': {'AVFDRKSDAK': 0.0315, 'ELAGIGILTV': 0.031, 'GILGFVFTL': 0.031, 'KLGGALQAK': 0.03, 'NLVPMVATV': 0.03, 'RAKFKQLL': 0.02933333333333333}, 'f1-score': {'AVFDRKSDAK': 0.0315, 'ELAGIGILTV': 0.031, 'GILGFVFTL': 0.031, 'KLGGALQAK': 0.03, 'NLVPMVATV': 0.03, 'RAKFKQLL': 0.02933333333333333}, 'support': {'AVFDRKSDAK': 1000, 'ELAGIGILTV': 1000, 'GILGFVFTL': 1000, 'KLGGALQAK': 1000, 'NLVPMVATV': 1000, 'RAKFKQLL': 1000}, 'consistency': {'ELAGIGILTV': 0.186, 'NLVPMVATV': 0.181, 'GILGFVFTL': 0.186, 'RAKFKQLL': 0.188, 'AVFDRKSDAK': 0.189, 'KLGGALQAK': 0.18}, 'retention': {'ELAGIGILTV': 1.0, 'NLVPMVATV': 1.0, 'GILGFVFTL': 1.0, 'RAKFKQLL': 1.0, 'AVFDRKSDAK': 1.0, 'KLGGALQAK': 1.0}, 'purity': {'ELAGIGILTV': 0.186, 'NLVPMVATV': 0.18, 'GILGFVFTL': 0.186, 'RAKFKQLL': 0.176, 'AVFDRKSDAK': 0.189, 'KLGGALQAK': 0.18}}",1000.0,0
0,0,20250815_152027,data/vdjdb.csv,,1,['beta'],"['length', 'vcluster', 'clustcr', 'hamming', 'GIANA', 'gliph2', 'ismart', 'tcrdist3']",True,1000,1,0,1000,,DBSCAN,50,0.5,True,True,,VDJdb,beta,6000,vcluster,0.0005042552947998047,46,0.34248308530052474,0.34248308530052474,0.9998333333333334,0.03208868144690782,0.11451137998474116,0.12876514035886572,0.37332597286125535,0.37445724287381227,0.3738907521570723,5999,"{'accuracy': {'AVFDRKSDAK': 0.1354062427640813, 'ELAGIGILTV': 0.12290207505551644, 'GILGFVFTL': 0.14929213202200367, 'KLGGALQAK': 0.128709566280161, 'NLVPMVATV': 0.1264032420139146, 'RAKFKQLL': 0.12876514035886572}, 'precision': {'AVFDRKSDAK': 0.0458409734955826, 'ELAGIGILTV': 0.04845768868454821, 'GILGFVFTL': 0.11900227991943542, 'KLGGALQAK': 0.04757128137340629, 'NLVPMVATV': 0.04937417105749509, 'RAKFKQLL': 0.06307957833078776}, 'recall': {'AVFDRKSDAK': 0.012835472578763128, 'ELAGIGILTV': 0.06667777962993833, 'GILGFVFTL': 0.10507901316886148, 'KLGGALQAK': 0.040673445574262376, 'NLVPMVATV': 0.05450908484747458, 'RAKFKQLL': 0.09468244707451241}, 'f1-score': {'AVFDRKSDAK': 0.020055425904317387, 'ELAGIGILTV': 0.05612607712957772, 'GILGFVFTL': 0.11160808621227986, 'KLGGALQAK': 0.043852771508638685, 'NLVPMVATV': 0.051814719436762906, 'RAKFKQLL': 0.07571567139105352}, 'support': {'AVFDRKSDAK': 1000, 'ELAGIGILTV': 1000, 'GILGFVFTL': 999, 'KLGGALQAK': 1000, 'NLVPMVATV': 1000, 'RAKFKQLL': 1000}, 'consistency': {'ELAGIGILTV': 0.111, 'NLVPMVATV': 0.097, 'RAKFKQLL': 0.164, 'AVFDRKSDAK': 0.073, 'KLGGALQAK': 0.079, 'GILGFVFTL': 0.6316316316316316}, 'retention': {'ELAGIGILTV': 1.0, 'NLVPMVATV': 1.0, 'RAKFKQLL': 1.0, 'AVFDRKSDAK': 1.0, 'KLGGALQAK': 1.0, 'GILGFVFTL': 0.999}, 'purity': {'ELAGIGILTV': 0.28757562935667835, 'NLVPMVATV': 0.3894054204214322, 'RAKFKQLL': 0.3482128229684169, 'AVFDRKSDAK': 0.31006786289394983, 'KLGGALQAK': 0.30054519849185524, 'GILGFVFTL': 0.7146092865232163}}",130.41304347826087,2
0,0,20250815_152027,data/vdjdb.csv,,1,['beta'],"['length', 'vcluster', 'clustcr', 'hamming', 'GIANA', 'gliph2', 'ismart', 'tcrdist3']",True,1000,1,0,1000,,DBSCAN,50,0.5,True,True,,VDJdb,beta,6000,random,0.00075531005859375,6,0.18483333333333332,0.18483333333333332,1.0,0.030861111111111113,0.0005404123999773275,0.12122222222222223,0.1545,0.18483333333333332,0.16831090373280944,6000,"{'accuracy': {'AVFDRKSDAK': 0.12133333333333332, 'ELAGIGILTV': 0.12116666666666666, 'GILGFVFTL': 0.1388888888888889, 'KLGGALQAK': 0.10355555555555554, 'NLVPMVATV': 0.12211111111111111, 'RAKFKQLL': 0.12122222222222223}, 'precision': {'AVFDRKSDAK': 0.030666666666666665, 'ELAGIGILTV': 0.030166666666666665, 'GILGFVFTL': 0.0, 'KLGGALQAK': 0.03033333333333333, 'NLVPMVATV': 0.033, 'RAKFKQLL': 0.03033333333333333}, 'recall': {'AVFDRKSDAK': 0.030666666666666665, 'ELAGIGILTV': 0.030166666666666665, 'GILGFVFTL': 0.0, 'KLGGALQAK': 0.06066666666666666, 'NLVPMVATV': 0.033, 'RAKFKQLL': 0.03033333333333333}, 'f1-score': {'AVFDRKSDAK': 0.030666666666666665, 'ELAGIGILTV': 0.030166666666666665, 'GILGFVFTL': 0, 'KLGGALQAK': 0.040444444444444436, 'NLVPMVATV': 0.033, 'RAKFKQLL': 0.03033333333333333}, 'support': {'AVFDRKSDAK': 1000, 'ELAGIGILTV': 1000, 'GILGFVFTL': 1000, 'KLGGALQAK': 1000, 'NLVPMVATV': 1000, 'RAKFKQLL': 1000}, 'consistency': {'ELAGIGILTV': 0.181, 'NLVPMVATV': 0.198, 'GILGFVFTL': 0.177, 'RAKFKQLL': 0.182, 'AVFDRKSDAK': 0.184, 'KLGGALQAK': 0.189}, 'retention': {'ELAGIGILTV': 1.0, 'NLVPMVATV': 1.0, 'GILGFVFTL': 1.0, 'RAKFKQLL': 1.0, 'AVFDRKSDAK': 1.0, 'KLGGALQAK': 1.0}, 'purity': {'ELAGIGILTV': 0.181, 'NLVPMVATV': 0.198, 'GILGFVFTL': 0, 'RAKFKQLL': 0.182, 'AVFDRKSDAK': 0.184, 'KLGGALQAK': 0.182}}",1000.0,0
0,0,20250815_152027,data/vdjdb.csv,,1,['beta'],"['length', 'vcluster', 'clustcr', 'hamming', 'GIANA', 'gliph2', 'ismart', 'tcrdist3']",True,1000,1,0,1000,,DBSCAN,50,0.5,True,True,,VDJdb,beta,6000,clustcr,0.28263378143310547,196,0.7165238856912359,0.7078401091503166,0.18733333333333332,0.04018386714116252,0.5245398974290246,0.11510760887985087,0.7956720882262672,0.2486886120996441,0.37893916775241676,1124,"{'accuracy': {'AVFDRKSDAK': 0.04772911454846552, 'ELAGIGILTV': 0.05901245106093303, 'GILGFVFTL': 0.2606440188455696, 'KLGGALQAK': 0.03496337021797153, 'NLVPMVATV': 0.055298655358322506, 'RAKFKQLL': 0.11510760887985087}, 'precision': {'AVFDRKSDAK': 0.06443823080833756, 'ELAGIGILTV': 0.07109440601383502, 'GILGFVFTL': 0.3698888808192316, 'KLGGALQAK': 0.051516692086087106, 'NLVPMVATV': 0.06598457888493477, 'RAKFKQLL': 0.17274929961384114}, 'recall': {'AVFDRKSDAK': 0.003608540925266904, 'ELAGIGILTV': 0.012654804270462634, 'GILGFVFTL': 0.18124555160142347, 'KLGGALQAK': 0.0010818505338078292, 'NLVPMVATV': 0.009501779359430605, 'RAKFKQLL': 0.04059608540925267}, 'f1-score': {'AVFDRKSDAK': 0.0068343578130055, 'ELAGIGILTV': 0.02148523645239836, 'GILGFVFTL': 0.24328261959922617, 'KLGGALQAK': 0.0021191979114746897, 'NLVPMVATV': 0.016611502376626935, 'RAKFKQLL': 0.06574264843603672}, 'support': {'AVFDRKSDAK': 104, 'ELAGIGILTV': 127, 'GILGFVFTL': 463, 'KLGGALQAK': 76, 'NLVPMVATV': 120, 'RAKFKQLL': 234}, 'consistency': {'GILGFVFTL': 0.28509719222462204, 'RAKFKQLL': 0.38461538461538464, 'ELAGIGILTV': 0.15748031496062992, 'NLVPMVATV': 0.058333333333333334, 'AVFDRKSDAK': 0.16346153846153846, 'KLGGALQAK': 0.06578947368421052}, 'retention': {'GILGFVFTL': 0.463, 'RAKFKQLL': 0.234, 'ELAGIGILTV': 0.127, 'NLVPMVATV': 0.12, 'AVFDRKSDAK': 0.104, 'KLGGALQAK': 0.076}, 'purity': {'GILGFVFTL': 0.8727157772607935, 'RAKFKQLL': 0.7635529401154402, 'ELAGIGILTV': 0.6420327395737232, 'NLVPMVATV': 0.6302178318135765, 'AVFDRKSDAK': 0.7291245791245792, 'KLGGALQAK': 0.8214285714285714}}",5.73469387755102,181
0,0,20250815_152027,data/vdjdb.csv,,1,['beta'],"['length', 'vcluster', 'clustcr', 'hamming', 'GIANA', 'gliph2', 'ismart', 'tcrdist3']",True,1000,1,0,1000,,DBSCAN,50,0.5,True,True,,VDJdb,beta,6000,random,0.0008051395416259766,6,0.1825,0.1825,1.0,0.030416666666666665,1.3577566773967239e-05,0.12077777777777778,0.18249999999999997,0.18249999999999997,0.18249999999999997,6000,"{'accuracy': {'AVFDRKSDAK': 0.12155555555555554, 'ELAGIGILTV': 0.12094444444444444, 'GILGFVFTL': 0.12194444444444444, 'KLGGALQAK': 0.12122222222222223, 'NLVPMVATV': 0.12105555555555556, 'RAKFKQLL': 0.12077777777777778}, 'precision': {'AVFDRKSDAK': 0.03133333333333333, 'ELAGIGILTV': 0.0295, 'GILGFVFTL': 0.0325, 'KLGGALQAK': 0.03033333333333333, 'NLVPMVATV': 0.02983333333333333, 'RAKFKQLL': 0.028999999999999998}, 'recall': {'AVFDRKSDAK': 0.03133333333333333, 'ELAGIGILTV': 0.0295, 'GILGFVFTL': 0.0325, 'KLGGALQAK': 0.03033333333333333, 'NLVPMVATV': 0.02983333333333333, 'RAKFKQLL': 0.028999999999999998}, 'f1-score': {'AVFDRKSDAK': 0.03133333333333333, 'ELAGIGILTV': 0.0295, 'GILGFVFTL': 0.0325, 'KLGGALQAK': 0.03033333333333333, 'NLVPMVATV': 0.02983333333333333, 'RAKFKQLL': 0.028999999999999998}, 'support': {'AVFDRKSDAK': 1000, 'ELAGIGILTV': 1000, 'GILGFVFTL': 1000, 'KLGGALQAK': 1000, 'NLVPMVATV': 1000, 'RAKFKQLL': 1000}, 'consistency': {'ELAGIGILTV': 0.177, 'NLVPMVATV': 0.179, 'GILGFVFTL': 0.195, 'RAKFKQLL': 0.174, 'AVFDRKSDAK': 0.188, 'KLGGALQAK': 0.182}, 'retention': {'ELAGIGILTV': 1.0, 'NLVPMVATV': 1.0, 'GILGFVFTL': 1.0, 'RAKFKQLL': 1.0, 'AVFDRKSDAK': 1.0, 'KLGGALQAK': 1.0}, 'purity': {'ELAGIGILTV': 0.177, 'NLVPMVATV': 0.179, 'GILGFVFTL': 0.195, 'RAKFKQLL': 0.174, 'AVFDRKSDAK': 0.188, 'KLGGALQAK': 0.182}}",1000.0,0
0,0,20250815_152027,data/vdjdb.csv,,1,['beta'],"['length', 'vcluster', 'clustcr', 'hamming', 'GIANA', 'gliph2', 'ismart', 'tcrdist3']",True,1000,1,0,1000,,DBSCAN,50,0.5,True,True,,VDJdb,beta,6000,hamming,0.00592494010925293,563,0.6789461079205729,0.6650076879430765,0.36816666666666664,0.015467028821487852,0.4377803535366602,0.21562153002015783,0.719599867238914,0.3379456767768222,0.4599057988919059,2209,"{'accuracy': {'AVFDRKSDAK': 0.09167883961115027, 'ELAGIGILTV': 0.07543803364340143, 'GILGFVFTL': 0.1907707789055725, 'KLGGALQAK': 0.07913220952804781, 'NLVPMVATV': 0.07203259393390675, 'RAKFKQLL': 0.21562153002015783}, 'precision': {'AVFDRKSDAK': 0.08781591935430447, 'ELAGIGILTV': 0.06581195686589543, 'GILGFVFTL': 0.20655221891811046, 'KLGGALQAK': 0.07567045195509023, 'NLVPMVATV': 0.06289610683567225, 'RAKFKQLL': 0.22085321330984106}, 'recall': {'AVFDRKSDAK': 0.018002263467632416, 'ELAGIGILTV': 0.02277093707559982, 'GILGFVFTL': 0.11690855590765054, 'KLGGALQAK': 0.010669533725667722, 'NLVPMVATV': 0.016101403349932097, 'RAKFKQLL': 0.15349298325033955}, 'f1-score': {'AVFDRKSDAK': 0.02987927546495007, 'ELAGIGILTV': 0.033834973366418754, 'GILGFVFTL': 0.1493085005206265, 'KLGGALQAK': 0.01870207489161739, 'NLVPMVATV': 0.02563917730880907, 'RAKFKQLL': 0.18111266460217057}, 'support': {'AVFDRKSDAK': 299, 'ELAGIGILTV': 243, 'GILGFVFTL': 553, 'KLGGALQAK': 259, 'NLVPMVATV': 234, 'RAKFKQLL': 621}, 'consistency': {'RAKFKQLL': 0.13848631239935588, 'GILGFVFTL': 0.1609403254972875, 'AVFDRKSDAK': 0.03678929765886288, 'KLGGALQAK': 0.019305019305019305, 'ELAGIGILTV': 0.037037037037037035, 'NLVPMVATV': 0.021367521367521368}, 'retention': {'RAKFKQLL': 0.621, 'GILGFVFTL': 0.553, 'AVFDRKSDAK': 0.299, 'KLGGALQAK': 0.259, 'ELAGIGILTV': 0.243, 'NLVPMVATV': 0.234}, 'purity': {'RAKFKQLL': 0.7517075296837202, 'GILGFVFTL': 0.7362980114148981, 'AVFDRKSDAK': 0.6795958279009126, 'KLGGALQAK': 0.7375441809652336, 'ELAGIGILTV': 0.599148794377802, 'NLVPMVATV': 0.6079207920792079}}",3.9236234458259327,542
0,0,20250815_152027,data/vdjdb.csv,,1,['beta'],"['length', 'vcluster', 'clustcr', 'hamming', 'GIANA', 'gliph2', 'ismart', 'tcrdist3']",True,1000,1,0,1000,,DBSCAN,50,0.5,True,True,,VDJdb,beta,6000,random,0.0008141994476318359,6,0.18466666666666665,0.18466666666666665,1.0,0.030916666666666665,0.0001737059895797731,0.12233333333333332,0.18466666666666665,0.18466666666666665,0.18466666666666665,6000,"{'accuracy': {'AVFDRKSDAK': 0.12077777777777778, 'ELAGIGILTV': 0.12122222222222223, 'GILGFVFTL': 0.12127777777777778, 'KLGGALQAK': 0.12116666666666666, 'NLVPMVATV': 0.12144444444444444, 'RAKFKQLL': 0.12233333333333332}, 'precision': {'AVFDRKSDAK': 0.028999999999999998, 'ELAGIGILTV': 0.03033333333333333, 'GILGFVFTL': 0.0305, 'KLGGALQAK': 0.030166666666666665, 'NLVPMVATV': 0.031, 'RAKFKQLL': 0.033666666666666664}, 'recall': {'AVFDRKSDAK': 0.028999999999999998, 'ELAGIGILTV': 0.03033333333333333, 'GILGFVFTL': 0.0305, 'KLGGALQAK': 0.030166666666666665, 'NLVPMVATV': 0.031, 'RAKFKQLL': 0.033666666666666664}, 'f1-score': {'AVFDRKSDAK': 0.028999999999999998, 'ELAGIGILTV': 0.03033333333333333, 'GILGFVFTL': 0.0305, 'KLGGALQAK': 0.030166666666666665, 'NLVPMVATV': 0.031, 'RAKFKQLL': 0.033666666666666664}, 'support': {'AVFDRKSDAK': 1000, 'ELAGIGILTV': 1000, 'GILGFVFTL': 1000, 'KLGGALQAK': 1000, 'NLVPMVATV': 1000, 'RAKFKQLL': 1000}, 'consistency': {'ELAGIGILTV': 0.182, 'NLVPMVATV': 0.186, 'GILGFVFTL': 0.183, 'RAKFKQLL': 0.202, 'AVFDRKSDAK': 0.179, 'KLGGALQAK': 0.181}, 'retention': {'ELAGIGILTV': 1.0, 'NLVPMVATV': 1.0, 'GILGFVFTL': 1.0, 'RAKFKQLL': 1.0, 'AVFDRKSDAK': 1.0, 'KLGGALQAK': 1.0}, 'purity': {'ELAGIGILTV': 0.182, 'NLVPMVATV': 0.186, 'GILGFVFTL': 0.183, 'RAKFKQLL': 0.202, 'AVFDRKSDAK': 0.174, 'KLGGALQAK': 0.181}}",1000.0,0
0,0,20250815_152027,data/vdjdb.csv,,1,['beta'],"['length', 'vcluster', 'clustcr', 'hamming', 'GIANA', 'gliph2', 'ismart', 'tcrdist3']",True,1000,1,0,1000,,DBSCAN,50,0.5,True,True,,VDJdb,beta,6000,GIANA,2.782396078109741,295,0.7938030032233959,0.7755099027269056,0.22516666666666665,0.03330866025166543,0.6503114467449292,0.2685731148806247,0.8523435535262549,0.33453441894892677,0.48048453511884776,1351,"{'accuracy': {'AVFDRKSDAK': 0.059429177253808946, 'ELAGIGILTV': 0.04047675346409739, 'GILGFVFTL': 0.20294467700190408, 'KLGGALQAK': 0.040836686748847516, 'NLVPMVATV': 0.03559385757757335, 'RAKFKQLL': 0.2685731148806247}, 'precision': {'AVFDRKSDAK': 0.07166408720812865, 'ELAGIGILTV': 0.05218356772760918, 'GILGFVFTL': 0.2810258113410203, 'KLGGALQAK': 0.059832223044658274, 'NLVPMVATV': 0.04575019292250027, 'RAKFKQLL': 0.34188767128233827}, 'recall': {'AVFDRKSDAK': 0.007883049592894152, 'ELAGIGILTV': 0.0058445595854922285, 'GILGFVFTL': 0.1177498149518875, 'KLGGALQAK': 0.0025129533678756475, 'NLVPMVATV': 0.004300518134715026, 'RAKFKQLL': 0.19624352331606218}, 'f1-score': {'AVFDRKSDAK': 0.014203692960169644, 'ELAGIGILTV': 0.010511797815633505, 'GILGFVFTL': 0.16596168421689572, 'KLGGALQAK': 0.004823327001680706, 'NLVPMVATV': 0.007862007558894015, 'RAKFKQLL': 0.24935644639906246}, 'support': {'AVFDRKSDAK': 142, 'ELAGIGILTV': 94, 'GILGFVFTL': 410, 'KLGGALQAK': 97, 'NLVPMVATV': 83, 'RAKFKQLL': 525}, 'consistency': {'RAKFKQLL': 0.17142857142857143, 'GILGFVFTL': 0.3853658536585366, 'AVFDRKSDAK': 0.04929577464788732, 'KLGGALQAK': 0.05154639175257732, 'ELAGIGILTV': 0.0425531914893617, 'NLVPMVATV': 0.07228915662650602}, 'retention': {'RAKFKQLL': 0.525, 'GILGFVFTL': 0.41, 'AVFDRKSDAK': 0.142, 'KLGGALQAK': 0.097, 'ELAGIGILTV': 0.094, 'NLVPMVATV': 0.083}, 'purity': {'RAKFKQLL': 0.8296428625312121, 'GILGFVFTL': 0.8663745003111519, 'AVFDRKSDAK': 0.692965367965368, 'KLGGALQAK': 0.8876190476190475, 'ELAGIGILTV': 0.7483333333333333, 'NLVPMVATV': 0.704954954954955}}",4.579661016949153,281
0,0,20250815_152027,data/vdjdb.csv,,1,['beta'],"['length', 'vcluster', 'clustcr', 'hamming', 'GIANA', 'gliph2', 'ismart', 'tcrdist3']",True,1000,1,0,1000,,DBSCAN,50,0.5,True,True,,VDJdb,beta,6000,random,0.0007810592651367188,6,0.18199999999999997,0.18199999999999997,1.0,0.030527777777777775,0.00025886269898812476,0.12127777777777778,0.15191666666666664,0.182,0.16560319440978286,6000,"{'accuracy': {'AVFDRKSDAK': 0.12127777777777778, 'ELAGIGILTV': 0.10338888888888888, 'GILGFVFTL': 0.1388888888888889, 'KLGGALQAK': 0.12077777777777778, 'NLVPMVATV': 0.1217222222222222, 'RAKFKQLL': 0.12127777777777778}, 'precision': {'AVFDRKSDAK': 0.0305, 'ELAGIGILTV': 0.03008333333333333, 'GILGFVFTL': 0.0, 'KLGGALQAK': 0.028999999999999998, 'NLVPMVATV': 0.03183333333333333, 'RAKFKQLL': 0.0305}, 'recall': {'AVFDRKSDAK': 0.0305, 'ELAGIGILTV': 0.06016666666666666, 'GILGFVFTL': 0.0, 'KLGGALQAK': 0.028999999999999998, 'NLVPMVATV': 0.03183333333333333, 'RAKFKQLL': 0.0305}, 'f1-score': {'AVFDRKSDAK': 0.0305, 'ELAGIGILTV': 0.040111111111111104, 'GILGFVFTL': 0, 'KLGGALQAK': 0.028999999999999998, 'NLVPMVATV': 0.03183333333333333, 'RAKFKQLL': 0.0305}, 'support': {'AVFDRKSDAK': 1000, 'ELAGIGILTV': 1000, 'GILGFVFTL': 1000, 'KLGGALQAK': 1000, 'NLVPMVATV': 1000, 'RAKFKQLL': 1000}, 'consistency': {'ELAGIGILTV': 0.182, 'NLVPMVATV': 0.191, 'GILGFVFTL': 0.184, 'RAKFKQLL': 0.183, 'AVFDRKSDAK': 0.183, 'KLGGALQAK': 0.176}, 'retention': {'ELAGIGILTV': 1.0, 'NLVPMVATV': 1.0, 'GILGFVFTL': 1.0, 'RAKFKQLL': 1.0, 'AVFDRKSDAK': 1.0, 'KLGGALQAK': 1.0}, 'purity': {'ELAGIGILTV': 0.1805, 'NLVPMVATV': 0.191, 'GILGFVFTL': 0, 'RAKFKQLL': 0.183, 'AVFDRKSDAK': 0.183, 'KLGGALQAK': 0.174}}",1000.0,0
0,0,20250815_152027,data/vdjdb.csv,,1,['beta'],"['length', 'vcluster', 'clustcr', 'hamming', 'GIANA', 'gliph2', 'ismart', 'tcrdist3']",True,1000,1,0,1000,,DBSCAN,50,0.5,True,True,,VDJdb,beta,6000,gliph2,3.695406913757324,316,0.740779565473318,0.7362724691940699,0.191,0.02617801047120419,0.5741145262378463,0.1143370881590777,0.8073297602610262,0.23234031413612563,0.3608361050869998,1146,"{'accuracy': {'AVFDRKSDAK': 0.051794327410644346, 'ELAGIGILTV': 0.06870919785404951, 'GILGFVFTL': 0.24089580173215247, 'KLGGALQAK': 0.04051079996708129, 'NLVPMVATV': 0.059714936131884215, 'RAKFKQLL': 0.1143370881590777}, 'precision': {'AVFDRKSDAK': 0.06875577456113335, 'ELAGIGILTV': 0.08409432200982182, 'GILGFVFTL': 0.35049775645192427, 'KLGGALQAK': 0.05518049049324882, 'NLVPMVATV': 0.07743863948609409, 'RAKFKQLL': 0.17136277725880386}, 'recall': {'AVFDRKSDAK': 0.004675392670157067, 'ELAGIGILTV': 0.018080279232111692, 'GILGFVFTL': 0.15527050610820242, 'KLGGALQAK': 0.0020968586387434553, 'NLVPMVATV': 0.010918848167539267, 'RAKFKQLL': 0.04129842931937173}, 'f1-score': {'AVFDRKSDAK': 0.00875541698531286, 'ELAGIGILTV': 0.029761776513764104, 'GILGFVFTL': 0.21520513667110522, 'KLGGALQAK': 0.00404019005538238, 'NLVPMVATV': 0.019139085306817294, 'RAKFKQLL': 0.06655669511582873}, 'support': {'AVFDRKSDAK': 114, 'ELAGIGILTV': 148, 'GILGFVFTL': 434, 'KLGGALQAK': 89, 'NLVPMVATV': 129, 'RAKFKQLL': 232}, 'consistency': {'GILGFVFTL': 0.1497695852534562, 'RAKFKQLL': 0.3706896551724138, 'ELAGIGILTV': 0.0472972972972973, 'NLVPMVATV': 0.046511627906976744, 'AVFDRKSDAK': 0.09649122807017543, 'KLGGALQAK': 0.056179775280898875}, 'retention': {'GILGFVFTL': 0.434, 'RAKFKQLL': 0.232, 'ELAGIGILTV': 0.148, 'NLVPMVATV': 0.129, 'AVFDRKSDAK': 0.114, 'KLGGALQAK': 0.089}, 'purity': {'GILGFVFTL': 0.9085020029517183, 'RAKFKQLL': 0.7451697829357404, 'ELAGIGILTV': 0.634020618556701, 'NLVPMVATV': 0.6616959064327486, 'AVFDRKSDAK': 0.7053030303030303, 'KLGGALQAK': 0.8273809523809524}}",3.6265822784810124,305
0,0,20250815_152027,data/vdjdb.csv,,1,['beta'],"['length', 'vcluster', 'clustcr', 'hamming', 'GIANA', 'gliph2', 'ismart', 'tcrdist3']",True,1000,1,0,1000,,DBSCAN,50,0.5,True,True,,VDJdb,beta,6000,random,0.0008463859558105469,6,0.17966666666666664,0.17966666666666664,1.0,0.029888888888888892,0.00031382920306802285,0.08555555555555555,0.11966666666666666,0.17966666666666664,0.14365330363771342,6000,"{'accuracy': {'AVFDRKSDAK': 0.12144444444444444, 'ELAGIGILTV': 0.1388888888888889, 'GILGFVFTL': 0.1388888888888889, 'KLGGALQAK': 0.121, 'NLVPMVATV': 0.12077777777777778, 'RAKFKQLL': 0.08555555555555555}, 'precision': {'AVFDRKSDAK': 0.031, 'ELAGIGILTV': 0.0, 'GILGFVFTL': 0.0, 'KLGGALQAK': 0.029666666666666664, 'NLVPMVATV': 0.028999999999999998, 'RAKFKQLL': 0.03}, 'recall': {'AVFDRKSDAK': 0.031, 'ELAGIGILTV': 0.0, 'GILGFVFTL': 0.0, 'KLGGALQAK': 0.029666666666666664, 'NLVPMVATV': 0.028999999999999998, 'RAKFKQLL': 0.09}, 'f1-score': {'AVFDRKSDAK': 0.031, 'ELAGIGILTV': 0, 'GILGFVFTL': 0, 'KLGGALQAK': 0.029666666666666664, 'NLVPMVATV': 0.028999999999999998, 'RAKFKQLL': 0.045}, 'support': {'AVFDRKSDAK': 1000, 'ELAGIGILTV': 1000, 'GILGFVFTL': 1000, 'KLGGALQAK': 1000, 'NLVPMVATV': 1000, 'RAKFKQLL': 1000}, 'consistency': {'ELAGIGILTV': 0.176, 'NLVPMVATV': 0.178, 'GILGFVFTL': 0.178, 'RAKFKQLL': 0.18, 'AVFDRKSDAK': 0.186, 'KLGGALQAK': 0.178}, 'retention': {'ELAGIGILTV': 1.0, 'NLVPMVATV': 1.0, 'GILGFVFTL': 1.0, 'RAKFKQLL': 1.0, 'AVFDRKSDAK': 1.0, 'KLGGALQAK': 1.0}, 'purity': {'ELAGIGILTV': 0, 'NLVPMVATV': 0.174, 'GILGFVFTL': 0, 'RAKFKQLL': 0.18000000000000002, 'AVFDRKSDAK': 0.186, 'KLGGALQAK': 0.178}}",1000.0,0
0,0,20250815_152027,data/vdjdb.csv,,1,['beta'],"['length', 'vcluster', 'clustcr', 'hamming', 'GIANA', 'gliph2', 'ismart', 'tcrdist3']",True,1000,1,0,1000,,DBSCAN,50,0.5,True,True,,VDJdb,beta,6000,ismart,1.314779281616211,287,0.7821816033399218,0.7620097504154556,0.22766666666666666,0.03416300634455832,0.6461096713917942,0.2642220584825781,0.8468839037694619,0.33136090775988286,0.4763428047793158,1366,"{'accuracy': {'AVFDRKSDAK': 0.0617958791740385, 'ELAGIGILTV': 0.040668096626056596, 'GILGFVFTL': 0.20370592612149868, 'KLGGALQAK': 0.04136825972754416, 'NLVPMVATV': 0.037196517698998496, 'RAKFKQLL': 0.2642220584825781}, 'precision': {'AVFDRKSDAK': 0.07336192487593776, 'ELAGIGILTV': 0.0526294962605358, 'GILGFVFTL': 0.28081089145323457, 'KLGGALQAK': 0.056204619475901635, 'NLVPMVATV': 0.04807940745844458, 'RAKFKQLL': 0.3357975642454075}, 'recall': {'AVFDRKSDAK': 0.008289897510980967, 'ELAGIGILTV': 0.005841874084919474, 'GILGFVFTL': 0.118502196193265, 'KLGGALQAK': 0.00275402635431918, 'NLVPMVATV': 0.004904099560761347, 'RAKFKQLL': 0.1910688140556369}, 'f1-score': {'AVFDRKSDAK': 0.014896491484242526, 'ELAGIGILTV': 0.010516424995354589, 'GILGFVFTL': 0.16666975554608296, 'KLGGALQAK': 0.005250765213191955, 'NLVPMVATV': 0.008900362179240194, 'RAKFKQLL': 0.24355489363369903}, 'support': {'AVFDRKSDAK': 149, 'ELAGIGILTV': 95, 'GILGFVFTL': 414, 'KLGGALQAK': 99, 'NLVPMVATV': 87, 'RAKFKQLL': 522}, 'consistency': {'RAKFKQLL': 0.18007662835249041, 'GILGFVFTL': 0.38164251207729466, 'AVFDRKSDAK': 0.04697986577181208, 'KLGGALQAK': 0.050505050505050504, 'ELAGIGILTV': 0.09473684210526316, 'NLVPMVATV': 0.08045977011494253}, 'retention': {'RAKFKQLL': 0.522, 'GILGFVFTL': 0.414, 'AVFDRKSDAK': 0.149, 'KLGGALQAK': 0.099, 'ELAGIGILTV': 0.095, 'NLVPMVATV': 0.087}, 'purity': {'RAKFKQLL': 0.8261307457668845, 'GILGFVFTL': 0.8416223632310066, 'AVFDRKSDAK': 0.6867784992784993, 'KLGGALQAK': 0.8589285714285715, 'ELAGIGILTV': 0.7282608695652174, 'NLVPMVATV': 0.7166666666666666}}",4.7595818815331015,272
0,0,20250815_152027,data/vdjdb.csv,,1,['beta'],"['length', 'vcluster', 'clustcr', 'hamming', 'GIANA', 'gliph2', 'ismart', 'tcrdist3']",True,1000,1,0,1000,,DBSCAN,50,0.5,True,True,,VDJdb,beta,6000,random,0.0007958412170410156,6,0.18099999999999997,0.18099999999999997,1.0,0.03,6.685287412591278e-05,0.12105555555555556,0.15125,0.181,0.1647930775018811,6000,"{'accuracy': {'AVFDRKSDAK': 0.12133333333333332, 'ELAGIGILTV': 0.1388888888888889, 'GILGFVFTL': 0.12111111111111111, 'KLGGALQAK': 0.12144444444444444, 'NLVPMVATV': 0.10316666666666666, 'RAKFKQLL': 0.12105555555555556}, 'precision': {'AVFDRKSDAK': 0.030666666666666665, 'ELAGIGILTV': 0.0, 'GILGFVFTL': 0.03, 'KLGGALQAK': 0.031, 'NLVPMVATV': 0.02975, 'RAKFKQLL': 0.02983333333333333}, 'recall': {'AVFDRKSDAK': 0.030666666666666665, 'ELAGIGILTV': 0.0, 'GILGFVFTL': 0.03, 'KLGGALQAK': 0.031, 'NLVPMVATV': 0.0595, 'RAKFKQLL': 0.02983333333333333}, 'f1-score': {'AVFDRKSDAK': 0.030666666666666665, 'ELAGIGILTV': 0, 'GILGFVFTL': 0.03, 'KLGGALQAK': 0.031, 'NLVPMVATV': 0.03966666666666666, 'RAKFKQLL': 0.02983333333333333}, 'support': {'AVFDRKSDAK': 1000, 'ELAGIGILTV': 1000, 'GILGFVFTL': 1000, 'KLGGALQAK': 1000, 'NLVPMVATV': 1000, 'RAKFKQLL': 1000}, 'consistency': {'ELAGIGILTV': 0.171, 'NLVPMVATV': 0.18, 'GILGFVFTL': 0.18, 'RAKFKQLL': 0.179, 'AVFDRKSDAK': 0.184, 'KLGGALQAK': 0.186}, 'retention': {'ELAGIGILTV': 1.0, 'NLVPMVATV': 1.0, 'GILGFVFTL': 1.0, 'RAKFKQLL': 1.0, 'AVFDRKSDAK': 1.0, 'KLGGALQAK': 1.0}, 'purity': {'ELAGIGILTV': 0, 'NLVPMVATV': 0.1785, 'GILGFVFTL': 0.18, 'RAKFKQLL': 0.179, 'AVFDRKSDAK': 0.184, 'KLGGALQAK': 0.186}}",1000.0,0
0,0,20250815_152027,data/vdjdb.csv,,1,['beta'],"['length', 'vcluster', 'clustcr', 'hamming', 'GIANA', 'gliph2', 'ismart', 'tcrdist3']",True,1000,1,0,1000,,DBSCAN,50,0.5,True,True,,VDJdb,beta,6000,tcrdist3,"[12.930743932723999, 0.2960212230682373]",197,0.8643030404451724,0.8439984719172535,0.1515,0.026769343601026768,0.6824604958057167,0.311012639725511,0.8775732348086793,0.31234213421342133,0.4607102391054633,909,"{'accuracy': {'AVFDRKSDAK': 0.050544280947431755, 'ELAGIGILTV': 0.010019732131943354, 'GILGFVFTL': 0.1360581099926002, 'KLGGALQAK': 0.03194309685435247, 'NLVPMVATV': 0.007911033975625651, 'RAKFKQLL': 0.311012639725511}, 'precision': {'AVFDRKSDAK': 0.07345153119963159, 'ELAGIGILTV': 0.020902090209020903, 'GILGFVFTL': 0.24121868253770984, 'KLGGALQAK': 0.05328657865786579, 'NLVPMVATV': 0.015470297029702968, 'RAKFKQLL': 0.4732440551747482}, 'recall': {'AVFDRKSDAK': 0.006316831683168317, 'ELAGIGILTV': 0.00033443344334433447, 'GILGFVFTL': 0.05765126512651265, 'KLGGALQAK': 0.0017051705170517053, 'NLVPMVATV': 0.0002475247524752475, 'RAKFKQLL': 0.24608690869086908}, 'f1-score': {'AVFDRKSDAK': 0.011633207519646992, 'ELAGIGILTV': 0.0006583335498904221, 'GILGFVFTL': 0.09306096065619475, 'KLGGALQAK': 0.0033045940252940027, 'NLVPMVATV': 0.0004872534497544242, 'RAKFKQLL': 0.32379856406693297}, 'support': {'AVFDRKSDAK': 99, 'ELAGIGILTV': 19, 'GILGFVFTL': 235, 'KLGGALQAK': 62, 'NLVPMVATV': 15, 'RAKFKQLL': 479}, 'consistency': {'RAKFKQLL': 0.17954070981210857, 'GILGFVFTL': 0.17872340425531916, 'AVFDRKSDAK': 0.0707070707070707, 'KLGGALQAK': 0.08064516129032258, 'ELAGIGILTV': 0.10526315789473684, 'NLVPMVATV': 0.26666666666666666}, 'retention': {'RAKFKQLL': 0.479, 'GILGFVFTL': 0.235, 'AVFDRKSDAK': 0.099, 'KLGGALQAK': 0.062, 'ELAGIGILTV': 0.019, 'NLVPMVATV': 0.015}, 'purity': {'RAKFKQLL': 0.8537357022822138, 'GILGFVFTL': 0.9452380952380953, 'AVFDRKSDAK': 0.69683908045977, 'KLGGALQAK': 0.8314285714285713, 'ELAGIGILTV': 1.0, 'NLVPMVATV': 0.9166666666666666}}",4.614213197969543,186
0,0,20250815_152027,data/vdjdb.csv,,1,['beta'],"['length', 'vcluster', 'clustcr', 'hamming', 'GIANA', 'gliph2', 'ismart', 'tcrdist3']",True,1000,1,0,1000,,DBSCAN,50,0.5,True,True,,VDJdb,beta,6000,random,0.0010476112365722656,6,0.18033333333333335,0.18033333333333335,1.0,0.029888888888888892,5.731883464038551e-05,0.121,0.11991666666666666,0.18033333333333332,0.1440464427791655,6000,"{'accuracy': {'AVFDRKSDAK': 0.1388888888888889, 'ELAGIGILTV': 0.1388888888888889, 'GILGFVFTL': 0.10316666666666666, 'KLGGALQAK': 0.10377777777777777, 'NLVPMVATV': 0.12105555555555556, 'RAKFKQLL': 0.121}, 'precision': {'AVFDRKSDAK': 0.0, 'ELAGIGILTV': 0.0, 'GILGFVFTL': 0.02975, 'KLGGALQAK': 0.030666666666666665, 'NLVPMVATV': 0.02983333333333333, 'RAKFKQLL': 0.029666666666666664}, 'recall': {'AVFDRKSDAK': 0.0, 'ELAGIGILTV': 0.0, 'GILGFVFTL': 0.0595, 'KLGGALQAK': 0.06133333333333333, 'NLVPMVATV': 0.02983333333333333, 'RAKFKQLL': 0.029666666666666664}, 'f1-score': {'AVFDRKSDAK': 0, 'ELAGIGILTV': 0, 'GILGFVFTL': 0.03966666666666666, 'KLGGALQAK': 0.040888888888888884, 'NLVPMVATV': 0.02983333333333333, 'RAKFKQLL': 0.029666666666666664}, 'support': {'AVFDRKSDAK': 1000, 'ELAGIGILTV': 1000, 'GILGFVFTL': 1000, 'KLGGALQAK': 1000, 'NLVPMVATV': 1000, 'RAKFKQLL': 1000}, 'consistency': {'ELAGIGILTV': 0.176, 'NLVPMVATV': 0.179, 'GILGFVFTL': 0.181, 'RAKFKQLL': 0.179, 'AVFDRKSDAK': 0.174, 'KLGGALQAK': 0.187}, 'retention': {'ELAGIGILTV': 1.0, 'NLVPMVATV': 1.0, 'GILGFVFTL': 1.0, 'RAKFKQLL': 1.0, 'AVFDRKSDAK': 1.0, 'KLGGALQAK': 1.0}, 'purity': {'ELAGIGILTV': 0, 'NLVPMVATV': 0.179, 'GILGFVFTL': 0.1785, 'RAKFKQLL': 0.178, 'AVFDRKSDAK': 0, 'KLGGALQAK': 0.184}}",1000.0,0
